模型,變數,係數,標準誤,t值,p值,資料說明
整體電腦型彩券,const,16.4452,1.0917,15.0637,0.0,模型截距
整體電腦型彩券,CPI年增率,0.5002,0.4492,1.1136,0.267,由 CPI總指數 與去年同月計算；CPI總指數已與同學資料 CPI指數一致
整體電腦型彩券,失業率年變動(pp),-4.9555,1.8369,-2.6977,0.0077,由當月失業率減去年同月失業率；失業率已與同學資料一致
整體電腦型彩券,CCI年變動,-0.0454,0.0475,-0.9554,0.3407,由 CCI 與去年同月差值計算；CCI已對齊同學資料 CCI_國內景氣
整體電腦型彩券,TAIEX年增率(%),0.0102,0.0299,0.3429,0.7321,由 TAIEX月平均收盤指數 與去年同月計算；TAIEX已對齊同學資料 TAIEX月均
整體電腦型彩券,連槓獎金(億),1.7778,0.074,24.017,0.0,由電腦型彩券最高連槓獎金除以1億元；連槓獎金已對齊同學資料最高累積獎金
整體電腦型彩券,春節,25.218,1.6914,14.9097,0.0,節慶dummy已對齊同學資料集 D1_春節 / D2_端午 / D3_中秋
整體電腦型彩券,端午,-1.1885,1.6632,-0.7146,0.4758,節慶dummy已對齊同學資料集 D1_春節 / D2_端午 / D3_中秋
整體電腦型彩券,中秋,-0.4388,1.6684,-0.263,0.7929,節慶dummy已對齊同學資料集 D1_春節 / D2_端午 / D3_中秋
