模型,變數,係數,標準誤,t值,p值,95%信賴區間,顯著性
整體電腦型彩券,失業率年變動(pp),-4.9555,1.8369,-2.6977,0.0077,3.600324,顯著
整體電腦型彩券,端午,-1.1885,1.6632,-0.7146,0.4758,3.259872,不顯著
整體電腦型彩券,中秋,-0.4388,1.6684,-0.263,0.7929,3.270064,不顯著
整體電腦型彩券,CCI年變動,-0.0454,0.0475,-0.9554,0.3407,0.0931,不顯著
整體電腦型彩券,TAIEX年增率(%),0.0102,0.0299,0.3429,0.7321,0.058603999999999996,不顯著
整體電腦型彩券,CPI年增率,0.5002,0.4492,1.1136,0.267,0.880432,不顯著
整體電腦型彩券,連槓獎金(億),1.7778,0.074,24.017,0.0,0.14504,顯著
整體電腦型彩券,春節,25.218,1.6914,14.9097,0.0,3.315144,顯著
